"index","result"
7,2972.02076963658
8,2734.48725858999
9,2496.95374754339
10,2259.4202364968
