"index","result"
7,2956.74140921991
8,2719.20789817331
9,2481.67438712672
10,2244.14087608013
